﻿States/Uts,"Domestic
Tourist
Visits","Foreign
Tourist
Visits"
Andaman and Nicobar Islands,191207,5412
Andhra Pradesh,70828590,67591
Arunachal Pradesh,42871,961
Assam,1266898,7285
Bihar,5638024,308080
Chandigarh,417953,12218
Chhattisgarh,2810227,2322
Dadra and Nagar Haveli,104959,222
Daman and Diu,297436,1382
Delhi,9583671,681230
Goa,3258715,302751
Gujarat,19464517,210047
Haryana,2114731,17474
Himachal Pradesh,3170714,42665
Jammu and Kashmir,2519524,5317
Jharkhand,2574704,490
Karnataka,77453339,165325
Kerala,4988972,340755
Ladakh,6743,1126
Lakshadweep,3462,413
Madhya Pradesh,23519632,99819
Maharashtra,39234591,1262409
Manipur,49669,3139
Meghalaya,24734,2311
Mizoram,30890,265
Nagaland,10979,518
Odisha,4622273,10206
Puducherry,1114942,92080
Punjab,16692197,359114
Rajasthan,15117239,446457
Sikkim,316408,19935
Tamil Nadu,140651241,1228323
Telangana,39997001,46694
Tripura,127815,31877
Uttar Pradesh,86122293,890932
Uttarakhand,7005264,41339
West Bengal,28841732,463285
,7171769,
